request_id,amount_safe_to_pay,affordability_status,recommended_payment_method,payment_plan,earliest_date_for_full_payment,spending_changes_needed,decision_explanation
request_26,15656000,affordable_now,full_payment,2025-08-03:15656000,2025-08-03,none,Pay IDR 15656000 today while maintaining the minimum balance.
request_27,6670,affordable_now,full_payment,2026-07-05:6670,2026-07-05,none,Pay ZAR 6670 today while maintaining the minimum balance.
request_28,201.68,affordable_later,wait,2024-08-20:1302.40,2024-08-20,none,"Wait until 2024-08-20, when the full payment is forecast safe above the minimum balance."
request_29,51524,affordable_now,full_payment,2025-11-04:51524,2025-11-04,none,Pay ZAR 51524 today while maintaining the minimum balance.
request_30,775.2,affordable_with_plan,installments,2026-04-06:268.74|2026-05-06:268.74|2026-06-05:268.74,2026-04-06,none,Use 3 installments totaling USD 806.22 while maintaining the minimum balance.
request_31,2809626.31,affordable_later,wait,2024-10-15:18164000,2024-10-15,none,"Wait until 2024-10-15, when the full payment is forecast safe above the minimum balance."
request_32,13511.27,not_affordable,not_recommended,none,,none,Do not proceed. Only ZAR 13511.27 is safe today while protecting the minimum balance.
request_33,23864.51,not_affordable,not_recommended,none,,none,Do not proceed. Only INR 23864.51 is safe today while protecting the minimum balance.
request_34,129400,affordable_now,full_payment,2024-12-04:129400,2024-12-04,none,Pay INR 129400 today while maintaining the minimum balance.
request_35,24275.88,affordable_later,wait,2026-01-15:212000,2026-01-15,none,"Wait until 2026-01-15, when the full payment is forecast safe above the minimum balance."
request_36,574.99,not_affordable,not_recommended,none,,none,Do not proceed. Only USD 574.99 is safe today while protecting the minimum balance.
request_37,2623244.64,not_affordable,not_recommended,none,,none,Do not proceed. Only IDR 2623244.64 is safe today while protecting the minimum balance.
request_38,172.91,affordable_later,wait,2025-10-15:971.30,2025-10-15,none,"Wait until 2025-10-15, when the full payment is forecast safe above the minimum balance."
request_39,56233.76,affordable_later,wait,2026-06-15:208600,2026-06-15,none,"Wait until 2026-06-15, when the full payment is forecast safe above the minimum balance."
request_40,353.01,not_affordable,not_recommended,none,,none,Do not proceed. Only EUR 353.01 is safe today while protecting the minimum balance.
request_41,8309374.48,affordable_later,wait,2026-01-15:38760000,2026-01-15,none,"Wait until 2026-01-15, when the full payment is forecast safe above the minimum balance."
request_42,52100,affordable_now,full_payment,2026-01-05:52100,2026-01-05,none,Pay INR 52100 today while maintaining the minimum balance.
request_43,8359190.72,affordable_later,wait,2024-11-15:43339000,2024-11-15,none,"Wait until 2024-11-15, when the full payment is forecast safe above the minimum balance."
request_44,30644.77,affordable_later,wait,2025-04-15:95800,2025-04-15,none,"Wait until 2025-04-15, when the full payment is forecast safe above the minimum balance."
request_45,3410298.11,not_affordable,not_recommended,none,,none,Do not proceed. Only IDR 3410298.11 is safe today while protecting the minimum balance.
request_46,35008.75,affordable_with_plan,partial_payment,2024-12-03:35008.75|2024-12-15:14441.25,2024-12-15,none,Pay INR 35008.75 today and the remainder on 2024-12-15 while maintaining the minimum balance.
request_47,38113999.99,affordable_later,wait,2025-05-05:38114000,2025-05-05,none,"Wait until 2025-05-05, when the full payment is forecast safe above the minimum balance."
request_48,45700,affordable_now,full_payment,2026-07-25:45700,2026-07-25,none,Pay INR 45700 today while maintaining the minimum balance.
request_49,12761954.75,affordable_with_plan,installments,2024-03-18:11902106.67|2024-04-18:11902106.67|2024-05-19:11902106.67,2024-04-15,none,Use 3 installments totaling IDR 35706320.01 while maintaining the minimum balance.
request_50,43900,affordable_now,full_payment,2025-08-06:43900,2025-08-06,none,Pay INR 43900 today while maintaining the minimum balance.
request_51,2191000,affordable_now,full_payment,2026-01-03:2191000,2026-01-03,none,Pay IDR 2191000 today while maintaining the minimum balance.
request_52,19184.33,affordable_later,wait,2024-06-15:28870,2024-06-15,none,"Wait until 2024-06-15, when the full payment is forecast safe above the minimum balance."
request_53,471.06,affordable_with_plan,installments,2025-11-21:589.06|2025-12-19:589.06|2026-01-16:589.06,2026-01-15,none,Use 3 installments totaling USD 1767.18 while maintaining the minimum balance.
request_54,2172.23,not_affordable,not_recommended,none,,none,Do not proceed. Only ZAR 2172.23 is safe today while protecting the minimum balance.
request_55,116838.16,affordable_with_plan,installments,2026-06-11:75781.33|2026-07-12:75781.33|2026-08-12:75781.33,2026-07-15,stop:event_5101,Use 3 installments totaling INR 227343.99 while maintaining the minimum balance.
request_56,636.42,affordable_with_plan,partial_payment,2025-02-03:636.42|2025-02-15:245.14,2025-02-15,none,Pay USD 636.42 today and the remainder on 2025-02-15 while maintaining the minimum balance.
request_57,13052.65,affordable_later,wait,2026-06-15:61446,2026-06-15,none,"Wait until 2026-06-15, when the full payment is forecast safe above the minimum balance."
request_58,16226000,affordable_now,full_payment,2024-12-07:16226000,2024-12-07,none,Pay IDR 16226000 today while maintaining the minimum balance.
request_59,140600,affordable_with_plan,installments,2025-05-07:48741.33|2025-06-04:48741.33|2025-07-02:48741.33,2025-05-04,none,Use 3 installments totaling INR 146223.99 while maintaining the minimum balance.
request_60,113.99,affordable_later,wait,2026-02-15:199.89,2026-02-15,none,"Wait until 2026-02-15, when the full payment is forecast safe above the minimum balance."
request_61,29062,affordable_with_plan,installments,2024-03-17:10074.83|2024-04-17:10074.83|2024-05-18:10074.83,2024-03-03,none,Use 3 installments totaling ZAR 30224.49 while maintaining the minimum balance.
request_62,404.23,affordable_now,full_payment,2025-08-05:404.23,2025-08-05,none,Pay USD 404.23 today while maintaining the minimum balance.
request_63,37321.52,not_affordable,not_recommended,none,,none,Do not proceed. Only INR 37321.52 is safe today while protecting the minimum balance.
request_64,42632.76,affordable_with_plan,installments,2024-06-11:22082.67|2024-07-12:22082.67|2024-08-12:22082.67,2024-07-15,reduce_to:event_5951:950,Use 3 installments totaling INR 66248.01 while maintaining the minimum balance.
request_65,5900.81,not_affordable,not_recommended,none,,none,Do not proceed. Only ZAR 5900.81 is safe today while protecting the minimum balance.
request_66,22200,affordable_now,full_payment,2026-04-03:22200,2026-04-03,none,Pay INR 22200 today while maintaining the minimum balance.
request_67,309.39,affordable_later,wait,2024-10-15:2094,2024-10-15,none,"Wait until 2024-10-15, when the full payment is forecast safe above the minimum balance."
request_68,1327.79,affordable_with_plan,installments,2025-02-14:725.09|2025-03-14:725.09|2025-04-11:725.09,2025-03-23,reduce_to:event_6331:24.80,Use 3 installments totaling USD 2175.27 while maintaining the minimum balance.
request_69,529.1,affordable_now,full_payment,2026-01-04:529.10,2026-01-04,none,Pay EUR 529.10 today while maintaining the minimum balance.
request_70,50074.24,affordable_later,wait,2025-02-15:243900,2025-02-15,none,"Wait until 2025-02-15, when the full payment is forecast safe above the minimum balance."
request_71,188030.52,not_affordable,not_recommended,none,,none,Do not proceed. Only IDR 188030.52 is safe today while protecting the minimum balance.
request_72,11330,affordable_now,full_payment,2026-07-05:11330,2026-07-05,none,Pay ZAR 11330 today while maintaining the minimum balance.
request_73,71400,affordable_now,full_payment,2023-01-20:71400,2023-01-20,none,Pay INR 71400 today while maintaining the minimum balance.
request_74,5010,affordable_now,full_payment,2025-08-04:5010,2025-08-04,none,Pay ZAR 5010 today while maintaining the minimum balance.
request_75,28270,affordable_with_plan,installments,2026-04-09:9800.27|2026-05-09:9800.27|2026-06-08:9800.27,2026-04-06,none,Use 3 installments totaling ZAR 29400.81 while maintaining the minimum balance.
request_76,1006.46,not_affordable,not_recommended,none,2024-06-29,none,Do not proceed. Only USD 1006.46 is safe today while protecting the minimum balance.
request_77,59953.95,affordable_later,wait,2025-11-15:60700,2025-11-15,none,"Wait until 2025-11-15, when the full payment is forecast safe above the minimum balance."
request_78,43899.89,affordable_later,wait,2025-10-15:50200,2025-10-15,none,"Wait until 2025-10-15, when the full payment is forecast safe above the minimum balance."
request_79,315.38,not_affordable,not_recommended,none,,none,Do not proceed. Only EUR 315.38 is safe today while protecting the minimum balance.
request_80,120967.13,not_affordable,not_recommended,none,2025-02-20,none,Do not proceed. Only INR 120967.13 is safe today while protecting the minimum balance.
request_81,2076,affordable_now,full_payment,2026-07-03:2076,2026-07-03,none,Pay USD 2076 today while maintaining the minimum balance.
request_82,186.8,affordable_later,wait,2025-02-20:1405.20,2025-02-20,none,"Wait until 2025-02-20, when the full payment is forecast safe above the minimum balance."
request_83,0,not_affordable,not_recommended,none,,none,Do not proceed. Only INR 0 is safe today while protecting the minimum balance.
request_84,27357.82,affordable_later,wait,2026-06-15:95400,2026-06-15,none,"Wait until 2026-06-15, when the full payment is forecast safe above the minimum balance."
request_85,377933.56,not_affordable,not_recommended,none,,none,Do not proceed. Only IDR 377933.56 is safe today while protecting the minimum balance.
request_86,46300,affordable_now,full_payment,2025-08-03:46300,2025-08-03,none,Pay INR 46300 today while maintaining the minimum balance.
request_87,0,not_affordable,not_recommended,none,,none,Do not proceed. Only INR 0 is safe today while protecting the minimum balance.
request_88,10715.66,affordable_with_plan,installments,2024-06-14:9045.23|2024-07-15:9045.23|2024-08-15:9045.23,2024-07-15,none,Use 3 installments totaling ZAR 27135.69 while maintaining the minimum balance.
request_89,9264865.74,affordable_with_plan,installments,2025-11-18:4768746.67|2025-12-16:4768746.67|2026-01-13:4768746.67,2026-01-15,stop:event_8335|reduce_to:event_8337:266760|reduce_to:event_8403:203300,Use 3 installments totaling IDR 14306240.01 while maintaining the minimum balance.
request_90,2560,affordable_now,full_payment,2026-07-06:2560,2026-07-06,none,Pay ZAR 2560 today while maintaining the minimum balance.
request_91,311.99,affordable_later,wait,2024-11-15:1927.20,2024-11-15,none,"Wait until 2024-11-15, when the full payment is forecast safe above the minimum balance."
request_92,34034,affordable_now,full_payment,2025-02-05:34034,2025-02-05,none,Pay ZAR 34034 today while maintaining the minimum balance.
request_93,1729.2,affordable_now,full_payment,2026-04-07:1729.20,2026-04-07,none,Pay USD 1729.20 today while maintaining the minimum balance.
request_94,572,affordable_now,full_payment,2024-12-04:572,2024-12-04,none,Pay EUR 572 today while maintaining the minimum balance.
request_95,7146.42,not_affordable,not_recommended,none,,none,Do not proceed. Only INR 7146.42 is safe today while protecting the minimum balance.
request_96,74296.06,affordable_with_plan,installments,2026-01-10:31269.33|2026-02-09:31269.33|2026-03-11:31269.33,2026-02-15,none,Use 3 installments totaling INR 93807.99 while maintaining the minimum balance.
request_97,1564.81,affordable_with_plan,installments,2024-03-19:8145.28|2024-04-19:8145.28|2024-05-20:8145.28,2024-04-15,none,Use 3 installments totaling ZAR 24435.84 while maintaining the minimum balance.
request_98,6487.77,affordable_later,wait,2025-10-15:27148,2025-10-15,none,"Wait until 2025-10-15, when the full payment is forecast safe above the minimum balance."
request_99,17483.55,affordable_later,wait,2026-07-15:18062,2026-07-15,none,"Wait until 2026-07-15, when the full payment is forecast safe above the minimum balance."
request_100,25097.79,affordable_with_plan,installments,2024-06-13:12866.19|2024-07-14:12866.19|2024-08-14:12866.19,2024-06-15,none,Use 3 installments totaling ZAR 38598.57 while maintaining the minimum balance.
request_101,143500,affordable_now,full_payment,2025-11-03:143500,2025-11-03,none,Pay INR 143500 today while maintaining the minimum balance.
request_102,1716,affordable_with_plan,installments,2026-04-05:594.88|2026-05-05:594.88|2026-06-04:594.88,2026-04-05,none,Use 3 installments totaling EUR 1784.64 while maintaining the minimum balance.
request_103,4764.72,not_affordable,not_recommended,none,,none,Do not proceed. Only INR 4764.72 is safe today while protecting the minimum balance.
request_104,17204,affordable_now,full_payment,2025-02-04:17204,2025-02-04,none,Pay ZAR 17204 today while maintaining the minimum balance.
request_105,51032.05,affordable_later,wait,2026-06-15:53500,2026-06-15,none,"Wait until 2026-06-15, when the full payment is forecast safe above the minimum balance."
request_106,459.01,affordable_later,wait,2025-02-15:2207.70,2025-02-15,none,"Wait until 2025-02-15, when the full payment is forecast safe above the minimum balance."
request_107,0,not_affordable,not_recommended,none,,none,Do not proceed. Only EUR 0 is safe today while protecting the minimum balance.
request_108,3538.84,affordable_later,wait,2026-08-08:55308,2026-08-08,none,"Wait until 2026-08-08, when the full payment is forecast safe above the minimum balance."
request_109,483.92,affordable_with_plan,installments,2024-03-18:645.98|2024-04-18:645.98|2024-05-19:645.98,2024-05-15,stop:event_10081,Use 3 installments totaling EUR 1937.94 while maintaining the minimum balance.
request_110,22352,affordable_with_plan,installments,2025-08-06:7748.69|2025-09-03:7748.69|2025-10-01:7748.69,2025-08-06,none,Use 3 installments totaling ZAR 23246.07 while maintaining the minimum balance.
request_111,16625000,affordable_now,full_payment,2026-04-03:16625000,2026-04-03,none,Pay IDR 16625000 today while maintaining the minimum balance.
request_112,271.7,affordable_now,full_payment,2024-06-05:271.70,2024-06-05,none,Pay EUR 271.70 today while maintaining the minimum balance.
request_113,19583.87,affordable_later,wait,2026-10-15:36500,2026-10-15,none,"Wait until 2026-10-15, when the full payment is forecast safe above the minimum balance."
request_114,54639.51,affordable_later,wait,2026-01-15:65300,2026-01-15,none,"Wait until 2026-01-15, when the full payment is forecast safe above the minimum balance."
request_115,14921.45,affordable_later,wait,2024-11-15:80500,2024-11-15,none,"Wait until 2024-11-15, when the full payment is forecast safe above the minimum balance."
request_116,7494.6,not_affordable,not_recommended,none,,none,Do not proceed. Only INR 7494.60 is safe today while protecting the minimum balance.
request_117,857.84,affordable_later,wait,2026-07-15:880,2026-07-15,none,"Wait until 2026-07-15, when the full payment is forecast safe above the minimum balance."
request_118,630.74,affordable_with_plan,installments,2024-12-07:255.87|2025-01-07:255.87|2025-02-07:255.87,2025-02-20,reduce_to:event_10914:14,Use 3 installments totaling EUR 767.61 while maintaining the minimum balance.
request_119,0,not_affordable,not_recommended,none,,none,Do not proceed. Only INR 0 is safe today while protecting the minimum balance.
request_120,7714000,affordable_now,full_payment,2026-04-06:7714000,2026-04-06,none,Pay IDR 7714000 today while maintaining the minimum balance.
request_121,633.6,affordable_now,full_payment,2024-03-03:633.60,2024-03-03,none,Pay USD 633.60 today while maintaining the minimum balance.
request_122,20558000,affordable_with_plan,installments,2025-08-05:7126773.33|2025-09-02:7126773.33|2025-09-30:7126773.33,2025-08-05,none,Use 3 installments totaling IDR 21380319.99 while maintaining the minimum balance.
request_123,4076000,affordable_now,full_payment,2026-01-07:4076000,2026-01-07,none,Pay IDR 4076000 today while maintaining the minimum balance.
request_124,1396.92,affordable_with_plan,installments,2024-06-11:1076.12|2024-07-12:1076.12|2024-08-12:1076.12,2024-07-15,stop:event_11448,Use 3 installments totaling EUR 3228.36 while maintaining the minimum balance.
request_125,5630.8,affordable_later,wait,2025-11-15:6468,2025-11-15,none,"Wait until 2025-11-15, when the full payment is forecast safe above the minimum balance."
request_126,159600,affordable_now,full_payment,2026-07-03:159600,2026-07-03,none,Pay INR 159600 today while maintaining the minimum balance.
request_127,0,not_affordable,not_recommended,none,,none,Do not proceed. Only ZAR 0 is safe today while protecting the minimum balance.
request_128,25168,affordable_now,full_payment,2025-02-07:25168,2025-02-07,none,Pay ZAR 25168 today while maintaining the minimum balance.
request_129,118.07,not_affordable,not_recommended,none,,none,Do not proceed. Only USD 118.07 is safe today while protecting the minimum balance.
request_130,367.53,affordable_later,wait,2025-01-15:1978.80,2025-01-15,none,"Wait until 2025-01-15, when the full payment is forecast safe above the minimum balance."
request_131,1130.16,not_affordable,not_recommended,none,2025-07-23,none,Do not proceed. Only USD 1130.16 is safe today while protecting the minimum balance.
request_132,257.17,affordable_later,wait,2026-02-15:379.86,2026-02-15,none,"Wait until 2026-02-15, when the full payment is forecast safe above the minimum balance."
request_133,15770000,not_affordable,not_recommended,none,2024-03-07,none,Do not proceed. Only IDR 15770000 is safe today while protecting the minimum balance.
request_134,4597134.49,affordable_later,wait,2025-10-15:21831000,2025-10-15,none,"Wait until 2025-10-15, when the full payment is forecast safe above the minimum balance."
request_135,282.34,affordable_later,wait,2026-07-15:304.80,2026-07-15,none,"Wait until 2026-07-15, when the full payment is forecast safe above the minimum balance."
request_136,537.14,affordable_later,wait,2024-06-15:560.40,2024-06-15,none,"Wait until 2024-06-15, when the full payment is forecast safe above the minimum balance."
request_137,25509.46,affordable_later,wait,2026-01-15:80100,2026-01-15,none,"Wait until 2026-01-15, when the full payment is forecast safe above the minimum balance."
request_138,863.54,affordable_with_plan,partial_payment,2026-04-07:863.54|2026-04-15:393.40,2026-04-15,none,Pay EUR 863.54 today and the remainder on 2026-04-15 while maintaining the minimum balance.
request_139,1335.98,not_affordable,not_recommended,none,2024-11-15,none,Do not proceed. Only USD 1335.98 is safe today while protecting the minimum balance.
request_140,1298.71,not_affordable,not_recommended,none,,none,Do not proceed. Only ZAR 1298.71 is safe today while protecting the minimum balance.
request_141,18518.59,not_affordable,not_recommended,none,,none,Do not proceed. Only INR 18518.59 is safe today while protecting the minimum balance.
request_142,1263.6,affordable_now,full_payment,2024-12-05:1263.60,2024-12-05,none,Pay USD 1263.60 today while maintaining the minimum balance.
request_143,2445.89,affordable_later,wait,2025-07-15:12584,2025-07-15,none,"Wait until 2025-07-15, when the full payment is forecast safe above the minimum balance."
request_144,233.34,affordable_now,full_payment,2026-07-04:233.34,2026-07-04,none,Pay USD 233.34 today while maintaining the minimum balance.
request_145,11688.57,affordable_with_plan,installments,2024-03-20:75365.33|2024-04-20:75365.33|2024-05-21:75365.33,2024-05-20,reduce_to:event_13409:3335,Use 3 installments totaling INR 226095.99 while maintaining the minimum balance.
request_146,16528.55,not_affordable,not_recommended,none,,none,Do not proceed. Only INR 16528.55 is safe today while protecting the minimum balance.
request_147,0,not_affordable,not_recommended,none,,none,Do not proceed. Only EUR 0 is safe today while protecting the minimum balance.
request_148,7273.78,affordable_with_plan,installments,2024-06-14:7710.56|2024-07-15:7710.56|2024-08-15:7710.56,2024-07-15,stop:event_13592,Use 3 installments totaling ZAR 23131.68 while maintaining the minimum balance.
request_149,24855.59,affordable_with_plan,installments,2025-11-18:12706.03|2025-12-16:12706.03|2026-01-13:12706.03,2025-12-15,none,Use 3 installments totaling ZAR 38118.09 while maintaining the minimum balance.
request_150,263.78,affordable_with_plan,installments,2026-01-06:171.98|2026-02-05:171.98|2026-03-07:171.98,2026-03-15,stop:event_13785|reduce_to:event_13787:16,Use 3 installments totaling EUR 515.94 while maintaining the minimum balance.
request_151,26998999.99,affordable_later,wait,2024-09-03:26999000,2024-09-03,none,"Wait until 2024-09-03, when the full payment is forecast safe above the minimum balance."
request_152,11109.08,not_affordable,not_recommended,none,2025-04-15,none,Do not proceed. Only ZAR 11109.08 is safe today while protecting the minimum balance.
request_153,0,not_affordable,not_recommended,none,,none,Do not proceed. Only USD 0 is safe today while protecting the minimum balance.
request_154,1625.8,affordable_with_plan,installments,2024-12-04:563.61|2025-01-04:563.61|2025-02-04:563.61,2024-12-04,none,Use 3 installments totaling EUR 1690.83 while maintaining the minimum balance.
request_155,78899.87,not_affordable,not_recommended,none,,none,Do not proceed. Only INR 78899.87 is safe today while protecting the minimum balance.
request_156,9547.91,affordable_later,wait,2026-06-15:43076,2026-06-15,none,"Wait until 2026-06-15, when the full payment is forecast safe above the minimum balance."
request_157,4724829.56,affordable_later,wait,2024-04-15:23503000,2024-04-15,none,"Wait until 2024-04-15, when the full payment is forecast safe above the minimum balance."
request_158,242600,affordable_with_plan,installments,2025-08-07:84101.33|2025-09-04:84101.33|2025-10-02:84101.33,2025-08-07,none,Use 3 installments totaling INR 252303.99 while maintaining the minimum balance.
request_159,13398,affordable_now,full_payment,2026-01-04:13398,2026-01-04,none,Pay ZAR 13398 today while maintaining the minimum balance.
request_160,577.17,affordable_with_plan,installments,2024-06-13:432.05|2024-07-14:432.05|2024-08-14:432.05,2024-07-15,none,Use 3 installments totaling EUR 1296.15 while maintaining the minimum balance.
request_161,0,not_affordable,not_recommended,none,,none,Do not proceed. Only IDR 0 is safe today while protecting the minimum balance.
request_162,1353055.05,not_affordable,not_recommended,none,,none,Do not proceed. Only IDR 1353055.05 is safe today while protecting the minimum balance.
request_163,7970481.22,affordable_with_plan,installments,2024-09-10:6692053.33|2024-10-11:6692053.33|2024-11-11:6692053.33,2024-11-20,stop:event_14953|reduce_to:event_15018:664050,Use 3 installments totaling IDR 20076159.99 while maintaining the minimum balance.
request_164,27017999.99,affordable_with_plan,installments,2025-02-11:9366240|2025-03-11:9366240|2025-04-08:9366240,2025-02-04,none,Use 3 installments totaling IDR 28098720 while maintaining the minimum balance.
request_165,80600,affordable_now,full_payment,2026-04-06:80600,2026-04-06,none,Pay INR 80600 today while maintaining the minimum balance.
request_166,2907.6,affordable_with_plan,installments,2024-12-03:1007.97|2025-01-03:1007.97|2025-02-03:1007.97,2024-12-03,none,Use 3 installments totaling USD 3023.91 while maintaining the minimum balance.
request_167,43802,affordable_now,full_payment,2025-05-05:43802,2025-05-05,none,Pay ZAR 43802 today while maintaining the minimum balance.
request_168,30782.98,affordable_with_plan,partial_payment,2026-01-07:30782.98|2026-02-15:18597.02,2026-02-15,none,Pay INR 30782.98 today and the remainder on 2026-02-15 while maintaining the minimum balance.
request_169,41976,affordable_now,full_payment,2024-03-04:41976,2024-03-04,none,Pay ZAR 41976 today while maintaining the minimum balance.
request_170,30020192.47,affordable_with_plan,installments,2025-08-06:12804480|2025-09-03:12804480|2025-10-01:12804480,2025-09-15,none,Use 3 installments totaling IDR 38413440 while maintaining the minimum balance.
request_171,34.55,not_affordable,not_recommended,none,,none,Do not proceed. Only EUR 34.55 is safe today while protecting the minimum balance.
request_172,9003.89,affordable_with_plan,partial_payment,2024-06-05:9003.89|2024-06-15:1196.11,2024-06-15,none,Pay ZAR 9003.89 today and the remainder on 2024-06-15 while maintaining the minimum balance.
request_173,54481.88,affordable_with_plan,installments,2025-11-21:39173.33|2025-12-19:39173.33|2026-01-16:39173.33,2026-01-15,reduce_to:event_15864:1272,Use 3 installments totaling INR 117519.99 while maintaining the minimum balance.
request_174,1146.2,affordable_with_plan,installments,2026-04-04:397.35|2026-05-04:397.35|2026-06-03:397.35,2026-04-04,none,Use 3 installments totaling EUR 1192.05 while maintaining the minimum balance.
request_175,2346.3,affordable_now,full_payment,2024-09-06:2346.30,2024-09-06,none,Pay EUR 2346.30 today while maintaining the minimum balance.
request_176,500.83,affordable_later,wait,2025-03-10:1239.70,2025-03-10,none,"Wait until 2025-03-10, when the full payment is forecast safe above the minimum balance."
request_177,1017.6,affordable_now,full_payment,2026-01-05:1017.60,2026-01-05,none,Pay USD 1017.60 today while maintaining the minimum balance.
request_178,2938.1,affordable_with_plan,installments,2024-12-07:1018.54|2025-01-07:1018.54|2025-02-07:1018.54,2024-12-07,none,Use 3 installments totaling EUR 3055.62 while maintaining the minimum balance.
request_179,6817734.88,affordable_later,wait,2025-07-15:41648000,2025-07-15,none,"Wait until 2025-07-15, when the full payment is forecast safe above the minimum balance."
request_180,66500,affordable_now,full_payment,2026-07-06:66500,2026-07-06,none,Pay INR 66500 today while maintaining the minimum balance.
request_181,299.07,not_affordable,not_recommended,none,,none,Do not proceed. Only USD 299.07 is safe today while protecting the minimum balance.
request_182,65714,affordable_now,full_payment,2025-08-05:65714,2025-08-05,none,Pay ZAR 65714 today while maintaining the minimum balance.
request_183,23063437.83,affordable_with_plan,installments,2026-04-10:9313546.67|2026-05-10:9313546.67|2026-06-09:9313546.67,2026-05-15,none,Use 3 installments totaling IDR 27940640.01 while maintaining the minimum balance.
request_184,7415.18,not_affordable,not_recommended,none,,none,Do not proceed. Only INR 7415.18 is safe today while protecting the minimum balance.
request_185,325.14,affordable_later,wait,2026-01-15:1257.30,2026-01-15,none,"Wait until 2026-01-15, when the full payment is forecast safe above the minimum balance."
request_186,3735.01,not_affordable,not_recommended,none,,none,Do not proceed. Only ZAR 3735.01 is safe today while protecting the minimum balance.
request_187,37452.85,affordable_later,wait,2024-11-15:187500,2024-11-15,none,"Wait until 2024-11-15, when the full payment is forecast safe above the minimum balance."
request_188,97.44,not_affordable,not_recommended,none,,none,Do not proceed. Only EUR 97.44 is safe today while protecting the minimum balance.
request_189,488.4,affordable_now,full_payment,2026-07-04:488.40,2026-07-04,none,Pay EUR 488.40 today while maintaining the minimum balance.
request_190,530.45,affordable_later,wait,2024-12-15:2557.50,2024-12-15,none,"Wait until 2024-12-15, when the full payment is forecast safe above the minimum balance."
request_191,664.4,affordable_now,full_payment,2025-05-03:664.40,2025-05-03,none,Pay EUR 664.40 today while maintaining the minimum balance.
request_192,214.09,affordable_later,wait,2026-04-29:2046,2026-04-29,none,"Wait until 2026-04-29, when the full payment is forecast safe above the minimum balance."
request_193,34.69,affordable_with_plan,installments,2024-03-21:420.23|2024-04-21:420.23|2024-05-22:420.23,2024-03-15,none,Use 3 installments totaling EUR 1260.69 while maintaining the minimum balance.
request_194,34115.95,affordable_later,wait,2025-10-23:132800,2025-10-23,none,"Wait until 2025-10-23, when the full payment is forecast safe above the minimum balance."
request_195,961.15,affordable_with_plan,installments,2026-01-09:405.74|2026-02-08:405.74|2026-03-10:405.74,2026-02-15,reduce_to:event_17955:12|reduce_to:event_17957:13,Use 3 installments totaling EUR 1217.22 while maintaining the minimum balance.
request_196,762.3,affordable_now,full_payment,2024-06-03:762.30,2024-06-03,none,Pay EUR 762.30 today while maintaining the minimum balance.
request_197,0,not_affordable,not_recommended,none,,none,Do not proceed. Only IDR 0 is safe today while protecting the minimum balance.
request_198,185800,affordable_now,full_payment,2026-07-07:185800,2026-07-07,none,Pay INR 185800 today while maintaining the minimum balance.
request_199,23673999.99,affordable_with_plan,installments,2024-09-07:8206986.67|2024-10-08:8206986.67|2024-11-08:8206986.67,2024-09-04,none,Use 3 installments totaling IDR 24620960.01 while maintaining the minimum balance.
request_200,21716999.99,affordable_later,wait,2025-02-06:21717000,2025-02-06,none,"Wait until 2025-02-06, when the full payment is forecast safe above the minimum balance."
request_201,23996999.99,affordable_with_plan,partial_payment,2026-04-03:23996999.99|2026-04-03:0.01,2026-04-03,none,Pay IDR 23996999.99 today and the remainder on 2026-04-03 while maintaining the minimum balance.
request_202,123900,affordable_now,full_payment,2024-12-05:123900,2024-12-05,none,Pay INR 123900 today while maintaining the minimum balance.
request_203,1442.1,affordable_with_plan,installments,2025-05-10:499.93|2025-06-07:499.93|2025-07-05:499.93,2025-05-07,none,Use 3 installments totaling EUR 1499.79 while maintaining the minimum balance.
request_204,571.23,affordable_later,wait,2026-01-15:588.74,2026-01-15,none,"Wait until 2026-01-15, when the full payment is forecast safe above the minimum balance."
request_205,10621000,affordable_now,full_payment,2024-03-06:10621000,2024-03-06,none,Pay IDR 10621000 today while maintaining the minimum balance.
request_206,1404.7,affordable_with_plan,installments,2025-08-03:486.96|2025-08-31:486.96|2025-09-28:486.96,2025-08-03,none,Use 3 installments totaling EUR 1460.88 while maintaining the minimum balance.
request_207,4550.44,affordable_later,wait,2026-07-15:11830,2026-07-15,none,"Wait until 2026-07-15, when the full payment is forecast safe above the minimum balance."
request_208,3131982.89,affordable_later,wait,2024-06-15:4413000,2024-06-15,none,"Wait until 2024-06-15, when the full payment is forecast safe above the minimum balance."
request_209,1718.56,not_affordable,not_recommended,none,,none,Do not proceed. Only ZAR 1718.56 is safe today while protecting the minimum balance.
request_210,984.62,affordable_with_plan,installments,2026-04-06:471.48|2026-05-04:471.48|2026-06-01:471.48,2026-04-15,none,Use 3 installments totaling USD 1414.44 while maintaining the minimum balance.
request_211,283.61,affordable_later,wait,2024-10-15:1788.60,2024-10-15,none,"Wait until 2024-10-15, when the full payment is forecast safe above the minimum balance."
request_212,3736044.19,not_affordable,not_recommended,none,,none,Do not proceed. Only IDR 3736044.19 is safe today while protecting the minimum balance.
request_213,3362.4,affordable_with_plan,installments,2026-01-21:1165.63|2026-02-20:1165.63|2026-03-22:1165.63,2026-01-07,none,Use 3 installments totaling USD 3496.89 while maintaining the minimum balance.
request_214,40598.45,affordable_with_plan,partial_payment,2024-12-04:40598.45|2024-12-15:29151.55,2024-12-15,none,Pay INR 40598.45 today and the remainder on 2024-12-15 while maintaining the minimum balance.
request_215,29986,affordable_with_plan,installments,2025-05-09:10395.15|2025-06-06:10395.15|2025-07-04:10395.15,2025-05-06,none,Use 3 installments totaling ZAR 31185.45 while maintaining the minimum balance.
request_216,483.95,not_affordable,not_recommended,none,,none,Do not proceed. Only USD 483.95 is safe today while protecting the minimum balance.
request_217,19561.8,affordable_with_plan,installments,2024-03-19:12889.07|2024-04-19:12889.07|2024-05-20:12889.07,2024-03-15,none,Use 3 installments totaling ZAR 38667.21 while maintaining the minimum balance.
request_218,24316753.13,affordable_with_plan,installments,2025-08-07:21195893.33|2025-09-04:21195893.33|2025-10-02:21195893.33,2025-09-15,none,Use 3 installments totaling IDR 63587679.99 while maintaining the minimum balance.
request_219,0,not_affordable,not_recommended,none,,none,Do not proceed. Only EUR 0 is safe today while protecting the minimum balance.
request_220,66.11,not_affordable,not_recommended,none,,none,Do not proceed. Only EUR 66.11 is safe today while protecting the minimum balance.
request_221,109800,affordable_now,full_payment,2025-11-03:109800,2025-11-03,none,Pay INR 109800 today while maintaining the minimum balance.
request_222,34078,affordable_now,full_payment,2026-01-05:34078,2026-01-05,none,Pay ZAR 34078 today while maintaining the minimum balance.
request_223,898.7,affordable_now,full_payment,2024-09-07:898.70,2024-09-07,none,Pay EUR 898.70 today while maintaining the minimum balance.
request_224,10139949.71,affordable_with_plan,partial_payment,2025-02-04:10139949.71|2025-02-15:187050.29,2025-02-15,none,Pay IDR 10139949.71 today and the remainder on 2025-02-15 while maintaining the minimum balance.
request_225,9797462.95,affordable_with_plan,installments,2026-07-20:7647120|2026-08-19:7647120|2026-09-18:7647120,2026-09-15,none,Use 3 installments totaling IDR 22941360 while maintaining the minimum balance.
request_226,157000,affordable_now,full_payment,2024-12-03:157000,2024-12-03,none,Pay INR 157000 today while maintaining the minimum balance.
request_227,7209.41,not_affordable,not_recommended,none,,none,Do not proceed. Only INR 7209.41 is safe today while protecting the minimum balance.
request_228,1510102.99,not_affordable,not_recommended,none,,none,Do not proceed. Only IDR 1510102.99 is safe today while protecting the minimum balance.
request_229,442.28,affordable_with_plan,installments,2024-03-18:529.29|2024-04-18:529.29|2024-05-19:529.29,2024-05-15,none,Use 3 installments totaling EUR 1587.87 while maintaining the minimum balance.
request_230,3537.6,affordable_now,full_payment,2025-08-06:3537.60,2025-08-06,none,Pay EUR 3537.60 today while maintaining the minimum balance.
request_231,31776.93,affordable_with_plan,installments,2026-01-06:12378.08|2026-02-05:12378.08|2026-03-07:12378.08,2026-02-15,none,Use 3 installments totaling ZAR 37134.24 while maintaining the minimum balance.
request_232,533.48,not_affordable,not_recommended,none,,none,Do not proceed. Only EUR 533.48 is safe today while protecting the minimum balance.
request_233,0,not_affordable,not_recommended,none,,none,Do not proceed. Only IDR 0 is safe today while protecting the minimum balance.
request_234,182.07,affordable_later,wait,2026-09-15:1213.30,2026-09-15,none,"Wait until 2026-09-15, when the full payment is forecast safe above the minimum balance."
request_235,967.2,affordable_now,full_payment,2024-09-06:967.20,2024-09-06,none,Pay USD 967.20 today while maintaining the minimum balance.
request_236,5805010.1,not_affordable,not_recommended,none,,none,Do not proceed. Only IDR 5805010.10 is safe today while protecting the minimum balance.
request_237,23825999.99,affordable_later,wait,2026-04-05:23826000,2026-04-05,none,"Wait until 2026-04-05, when the full payment is forecast safe above the minimum balance."
request_238,663.6,affordable_with_plan,installments,2024-12-07:230.05|2025-01-07:230.05|2025-02-07:230.05,2024-12-07,none,Use 3 installments totaling USD 690.15 while maintaining the minimum balance.
request_239,642,affordable_now,full_payment,2025-05-04:642,2025-05-04,none,Pay USD 642 today while maintaining the minimum balance.
request_240,13974.7,not_affordable,not_recommended,none,,none,Do not proceed. Only INR 13974.70 is safe today while protecting the minimum balance.
request_241,21052000,affordable_with_plan,installments,2024-03-17:7298026.67|2024-04-17:7298026.67|2024-05-18:7298026.67,2024-03-03,none,Use 3 installments totaling IDR 21894080.01 while maintaining the minimum balance.
request_242,0,not_affordable,not_recommended,none,,none,Do not proceed. Only EUR 0 is safe today while protecting the minimum balance.
request_243,17468,affordable_now,full_payment,2026-07-07:17468,2026-07-07,none,Pay ZAR 17468 today while maintaining the minimum balance.
request_244,49918,affordable_now,full_payment,2024-06-04:49918,2024-06-04,none,Pay ZAR 49918 today while maintaining the minimum balance.
request_245,23681.92,affordable_later,wait,2026-01-15:128500,2026-01-15,none,"Wait until 2026-01-15, when the full payment is forecast safe above the minimum balance."
request_246,64086,affordable_with_plan,installments,2026-04-03:22216.48|2026-05-03:22216.48|2026-06-02:22216.48,2026-04-03,none,Use 3 installments totaling ZAR 66649.44 while maintaining the minimum balance.
request_247,1059.3,affordable_now,full_payment,2024-09-05:1059.30,2024-09-05,none,Pay EUR 1059.30 today while maintaining the minimum balance.
request_248,1186.72,affordable_with_plan,partial_payment,2025-02-07:1186.72|2025-02-20:778.88,2025-02-20,none,Pay USD 1186.72 today and the remainder on 2025-02-20 while maintaining the minimum balance.
request_249,129.32,affordable_later,wait,2026-03-15:643.20,2026-03-15,none,"Wait until 2026-03-15, when the full payment is forecast safe above the minimum balance."
request_250,15571.41,not_affordable,not_recommended,none,,none,Do not proceed. Only ZAR 15571.41 is safe today while protecting the minimum balance.
request_251,1513.6,not_affordable,not_recommended,none,2025-05-03,none,Do not proceed. Only EUR 1513.60 is safe today while protecting the minimum balance.
request_252,3899497.37,affordable_later,wait,2026-09-15:28082000,2026-09-15,none,"Wait until 2026-09-15, when the full payment is forecast safe above the minimum balance."
request_253,1365.45,affordable_with_plan,installments,2024-03-21:984.60|2024-04-21:984.60|2024-05-22:984.60,2024-05-15,none,Use 3 installments totaling EUR 2953.80 while maintaining the minimum balance.
request_254,624.87,affordable_later,wait,2025-10-15:3535.20,2025-10-15,none,"Wait until 2025-10-15, when the full payment is forecast safe above the minimum balance."
request_255,3345000,affordable_now,full_payment,2026-04-06:3345000,2026-04-06,none,Pay IDR 3345000 today while maintaining the minimum balance.
request_256,152805.17,affordable_with_plan,installments,2024-06-10:75816|2024-07-11:75816|2024-08-11:75816,2024-07-15,none,Use 3 installments totaling INR 227448 while maintaining the minimum balance.
request_257,368.63,affordable_later,wait,2026-01-15:1352.40,2026-01-15,none,"Wait until 2026-01-15, when the full payment is forecast safe above the minimum balance."
request_258,1113.6,affordable_now,full_payment,2026-01-07:1113.60,2026-01-07,none,Pay USD 1113.60 today while maintaining the minimum balance.
request_259,253.37,affordable_later,wait,2024-11-15:935,2024-11-15,none,"Wait until 2024-11-15, when the full payment is forecast safe above the minimum balance."
request_260,6407645.59,not_affordable,not_recommended,none,,none,Do not proceed. Only IDR 6407645.59 is safe today while protecting the minimum balance.
request_261,1830.4,affordable_now,full_payment,2026-07-03:1830.40,2026-07-03,none,Pay EUR 1830.40 today while maintaining the minimum balance.
request_262,9236000,affordable_now,full_payment,2024-12-05:9236000,2024-12-05,none,Pay IDR 9236000 today while maintaining the minimum balance.
request_263,5769.14,not_affordable,not_recommended,none,,none,Do not proceed. Only ZAR 5769.14 is safe today while protecting the minimum balance.
request_264,22920.11,affordable_later,wait,2026-06-15:111300,2026-06-15,none,"Wait until 2026-06-15, when the full payment is forecast safe above the minimum balance."
request_265,45970,affordable_now,full_payment,2024-03-06:45970,2024-03-06,none,Pay INR 45970 today while maintaining the minimum balance.
request_266,774.9,affordable_with_plan,installments,2025-08-03:324.13|2025-08-31:324.13|2025-09-28:324.13,2025-09-15,none,Use 3 installments totaling EUR 972.39 while maintaining the minimum balance.
request_267,1632.54,affordable_with_plan,installments,2026-01-08:667.33|2026-02-07:667.33|2026-03-09:667.33,2026-02-15,stop:event_24573,Use 3 installments totaling EUR 2001.99 while maintaining the minimum balance.
request_268,1035.8,affordable_with_plan,installments,2024-06-14:841.22|2024-07-15:841.22|2024-08-15:841.22,2024-07-15,none,Use 3 installments totaling EUR 2523.66 while maintaining the minimum balance.
request_269,0,not_affordable,not_recommended,none,,none,Do not proceed. Only ZAR 0 is safe today while protecting the minimum balance.
request_270,175.19,not_affordable,not_recommended,none,2026-08-10,none,Do not proceed. Only USD 175.19 is safe today while protecting the minimum balance.
request_271,5278.26,affordable_later,wait,2024-11-20:91300,2024-11-20,none,"Wait until 2024-11-20, when the full payment is forecast safe above the minimum balance."
request_272,5426190.15,affordable_with_plan,installments,2025-02-12:4709466.67|2025-03-12:4709466.67|2025-04-09:4709466.67,2025-03-15,none,Use 3 installments totaling IDR 14128400.01 while maintaining the minimum balance.
request_273,9543524.88,affordable_with_plan,partial_payment,2026-04-07:9543524.88|2026-04-15:6317475.12,2026-04-15,none,Pay IDR 9543524.88 today and the remainder on 2026-04-15 while maintaining the minimum balance.
request_274,2120.18,affordable_with_plan,installments,2024-12-04:940.75|2025-01-04:940.75|2025-02-04:940.75,2025-02-15,reduce_to:event_25181:51.60,Use 3 installments totaling EUR 2822.25 while maintaining the minimum balance.
request_275,15884000,affordable_now,full_payment,2025-05-06:15884000,2025-05-06,none,Pay IDR 15884000 today while maintaining the minimum balance.
